z_true,z_pred,abs_dz,abs_dz_norm
0.5353531837463379,0.38998234272003174,0.14537084102630615,0.09468234577245223
1.5632030963897705,0.18809974193572998,1.3751033544540405,0.5364785008222138
0.4659781754016876,0.34053945541381836,0.12543871998786926,0.08556656715131399
1.2148582935333252,0.452089786529541,0.7627685070037842,0.3443870468963289
1.0923327207565308,0.862341046333313,0.22999167442321777,0.10992117656127799
0.05212107300758362,0.11993205547332764,0.06781098246574402,0.06445169116506731
1.65348219871521,0.2997572422027588,1.3537249565124512,0.5101692248653152
0.5536378622055054,0.49726343154907227,0.056374430656433105,0.036285438214285905
2.3893637657165527,0.8939720392227173,1.4953917264938354,0.44120130793269735
0.050676871091127396,0.18231022357940674,0.13163335248827934,0.1252843344229879
0.052047573029994965,0.17332673072814941,0.12127915769815445,0.11527915733778006
1.5659995079040527,0.26085638999938965,1.305143117904663,0.5086295277471521
1.155781626701355,0.8132764101028442,0.34250521659851074,0.1588775098350714
0.29522407054901123,0.2765885591506958,0.01863551139831543,0.014387866796218765
0.7221159338951111,0.6276679039001465,0.0944480299949646,0.054844176362354675
0.8294386863708496,0.23620176315307617,0.5932369232177734,0.3242726458324808
0.025387022644281387,0.1602081060409546,0.1348210833966732,0.13148311849022123
0.026689276099205017,0.17110741138458252,0.1444181352853775,0.14066391716301802
0.4912263751029968,0.29965364933013916,0.19157272577285767,0.1284665621338853
1.2043732404708862,0.556992769241333,0.6473804712295532,0.2936800625883407
0.16034795343875885,0.43735480308532715,0.2770068496465683,0.23872739967838297
1.3623855113983154,0.3026256561279297,1.0597598552703857,0.44859733949312325
0.6545122265815735,0.6304911375045776,0.02402108907699585,0.0145185322242232
0.49036017060279846,0.29963254928588867,0.1907276213169098,0.12797418038873593
0.012836404144763947,0.05516183376312256,0.04232542961835861,0.041789009009898376
0.32066431641578674,0.7327110767364502,0.41204676032066345,0.31199961655580777
1.1089056730270386,0.7354265451431274,0.37347912788391113,0.17709617488383642
0.055643435567617416,0.7610268592834473,0.7053834237158298,0.6682023493439776
0.055791981518268585,0.25306594371795654,0.19727396219968796,0.18684927111872981
0.05456101894378662,0.6955007314682007,0.6409397125244141,0.6077786880140498
0.7208752036094666,0.2326725721359253,0.48820263147354126,0.2836943843746228
1.388730764389038,0.9880785942077637,0.4006521701812744,0.16772596399483664
0.5260897278785706,0.6994686126708984,0.17337888479232788,0.11360988913367712
0.48661375045776367,0.9164127111434937,0.42979896068573,0.2891127305619127
1.044526219367981,0.947715163230896,0.09681105613708496,0.04735133999260323
0.0381857305765152,0.17953789234161377,0.14135216176509857,0.13615305778341247
0.03826854005455971,0.1046062707901001,0.06633773073554039,0.06389265221505645
0.039018791168928146,0.05439293384552002,0.015374142676591873,0.01479678982446072
0.46689051389694214,0.3121931552886963,0.15469735860824585,0.10545937624020539
1.5369775295257568,0.9729735851287842,0.5640039443969727,0.22231333854281446
0.495466411113739,0.4715811014175415,0.02388530969619751,0.01597181288639514
0.025674449279904366,0.7600350379943848,0.7343605887144804,0.7159782416633789
0.026683757081627846,0.11693966388702393,0.09025590680539608,0.08791013414096524
0.7571346163749695,0.7649555206298828,0.00782090425491333,0.004450941995012386
0.7255033254623413,0.9176104068756104,0.19210708141326904,0.1113339386707903
0.06008611619472504,0.23756229877471924,0.1774761825799942,0.16741675970350503
0.0589686818420887,0.17445194721221924,0.11548326537013054,0.10905257856091269
0.012809120118618011,0.10489058494567871,0.0920814648270607,0.09091689934256943
0.47830918431282043,0.851516842842102,0.3732076585292816,0.25245575316016455
1.038150668144226,0.5664288997650146,0.4717217683792114,0.23144597489876587
0.05457189679145813,0.20464491844177246,0.15007302165031433,0.14230705569427032
0.724875807762146,0.7956607341766357,0.07078492641448975,0.04103769447977018
0.42995187640190125,0.7085427045822144,0.2785908281803131,0.1948253173955153
0.2215804010629654,0.9161956310272217,0.6946152299642563,0.5686201492425982
0.9287266135215759,0.7774410247802734,0.1512855887413025,0.07843806772857086
0.4938201308250427,0.3167281150817871,0.17709201574325562,0.11854975849431551
3.520424434100278e-05,0.024306893348693848,0.024271689104352845,0.024270834667958836
0.7858933210372925,0.864081859588623,0.07818853855133057,0.04378119209601874
0.07969636470079422,0.15000426769256592,0.0703079029917717,0.06511821776046772
0.7829570770263672,0.7632043361663818,0.01975274085998535,0.011078640711266678
0.7830953598022461,0.7410485744476318,0.04204678535461426,0.023580783340313022
0.7900816798210144,0.7807942628860474,0.009287416934967041,0.005188264334337897
0.7819323539733887,0.6619821786880493,0.11995017528533936,0.06731466265701504
0.8592372536659241,0.8880301713943481,0.028792917728424072,0.015486413942950021
0.7597273588180542,0.7490012645721436,0.010726094245910645,0.006095315954577746
0.07889460027217865,0.2846904993057251,0.20579589903354645,0.19074699139436715
1.2281818389892578,0.9520701169967651,0.2761117219924927,0.12391794832945133
0.07856644690036774,0.05166506767272949,0.026901379227638245,0.024941791305439387
0.7066730260848999,0.83305823802948,0.12638521194458008,0.07405355918380405
0.862960934638977,0.6932623386383057,0.1696985960006714,0.09109079683066852
1.549054503440857,0.8157405853271484,0.7333139181137085,0.28768075265704995
0.862158477306366,0.875503659248352,0.013345181941986084,0.007166512466377215
0.8353769779205322,1.0361847877502441,0.20080780982971191,0.10940957211810817
0.8989757895469666,0.7060374021530151,0.19293838739395142,0.10160128868203222
0.8563242554664612,0.89618980884552,0.03986555337905884,0.021475533308183452
0.5192946195602417,1.01434326171875,0.4950486421585083,0.3258411079621934
2.4383881092071533,1.4141724109649658,1.0242156982421875,0.2978766985319636
0.81419837474823,0.8570122718811035,0.042813897132873535,0.02359934708838836
0.8583125472068787,0.9617002010345459,0.10338765382766724,0.05563523422529929
0.7625139951705933,0.9714933633804321,0.20897936820983887,0.1185689128043558
0.16961562633514404,0.18745410442352295,0.017838478088378906,0.015251572984086853
4.420177356223576e-05,0.0,4.420177356223576e-05,4.419981985180718e-05
0.047771286219358444,0.19747209548950195,0.1497008092701435,0.14287546455897301
0.23153525590896606,0.26123738288879395,0.02970212697982788,0.02411796725860314
0.970886766910553,0.6232630014419556,0.3476237654685974,0.17637936958372913
1.3211333751678467,0.958358883857727,0.36277449131011963,0.15629196287950775
0.76200270652771,0.8398741483688354,0.07787144184112549,0.04419484802868596
0.4266093969345093,0.3158482313156128,0.11076116561889648,0.07763944767004864
0.23174244165420532,0.262357234954834,0.030614793300628662,0.024854865973046775
0.09892314672470093,0.6522625684738159,0.553339421749115,0.5035287712323854
1.3069568872451782,1.1501011848449707,0.15685570240020752,0.06799247236367502
0.9285046458244324,1.0004777908325195,0.07197314500808716,0.037320700867338984
0.49214068055152893,0.5016069412231445,0.0094662606716156,0.006344080551517875
0.4904746115207672,0.3652501106262207,0.1252245008945465,0.08401652730386124
0.30666059255599976,0.29941534996032715,0.007245242595672607,0.005544854292651439
1.3070513010025024,0.4487311840057373,0.8583201169967651,0.37204205932646234
0.49367862939834595,1.0437703132629395,0.5500916838645935,0.36827981135819726
0.9594938158988953,1.8645696640014648,0.9050758481025696,0.4618926789964767
0.311693012714386,0.2502481937408447,0.06144481897354126,0.046843902024292124
0.8461373448371887,0.8546160459518433,0.008478701114654541,0.0045926708207087805
1.174161434173584,0.21666204929351807,0.9574993848800659,0.4403993971330924
0.1971188187599182,0.16983699798583984,0.02728182077407837,0.02278956804165797
0.19768096506595612,0.25349974632263184,0.05581878125667572,0.0466057179539476
0.30767759680747986,0.2577122449874878,0.049965351819992065,0.03820922828530197
0.8570535182952881,0.7720775604248047,0.0849759578704834,0.04575848624356741
0.8136124014854431,0.9352527856826782,0.12164038419723511,0.06707077217690245
0.30469515919685364,0.41970503330230713,0.11500987410545349,0.088150763260478
0.4910477101802826,0.4547189474105835,0.0363287627696991,0.02436458774703231
0.3675132095813751,0.21322429180145264,0.15428891777992249,0.11282444418007019
0.9621120095252991,0.8733627796173096,0.0887492299079895,0.04523147989367892
0.959157407283783,0.9024096727371216,0.05674773454666138,0.028965377838291017
0.22246035933494568,0.32278573513031006,0.10032537579536438,0.0820684082140253
1.2031476497650146,1.0323224067687988,0.17082524299621582,0.07753690181156758
0.2222224622964859,0.1986318826675415,0.023590579628944397,0.01930137954151084
1.0975221395492554,0.9658160209655762,0.1317061185836792,0.06279128887382425
0.8438111543655396,0.7906903028488159,0.05312085151672363,0.028810353701869573
0.9569385051727295,0.9814975261688232,0.02455902099609375,0.012549715247146228
0.9550186991691589,0.9159442186355591,0.039074480533599854,0.019986755395334926
0.954544723033905,0.8252847194671631,0.12926000356674194,0.06613304983172785
0.857840895652771,0.8700755834579468,0.012234687805175781,0.00658543357173597
0.9264569282531738,0.9050273895263672,0.02142953872680664,0.01112380890147282
0.40503400564193726,0.39421582221984863,0.010818183422088623,0.007699588322167313
0.19686070084571838,0.32698094844818115,0.13012024760246277,0.10871795482174157
0.36530959606170654,0.26668596267700195,0.09862363338470459,0.07223536234505978
0.3111710846424103,0.37186121940612793,0.06069013476371765,0.04628696855396975
0.3646916449069977,0.10297203063964844,0.26171961426734924,0.1917793043168995
1.198828101158142,1.6452019214630127,0.4463738203048706,0.20300532818812056
0.16991344094276428,0.16355431079864502,0.006359130144119263,0.00543555610318898
0.08460672944784164,0.8692357540130615,0.7846290245652199,0.7234226040296318
1.1159828901290894,0.768815279006958,0.34716761112213135,0.16406919580571455
1.1153357028961182,1.0863804817199707,0.02895522117614746,0.013688239240941617
0.9276281595230103,0.9053802490234375,0.022247910499572754,0.011541598616757071
1.3118488788604736,0.7991131544113159,0.5127357244491577,0.2217860038939434
0.27899643778800964,0.2765539884567261,0.0024424493312835693,0.0019096607770915457
1.1124411821365356,1.0090503692626953,0.10339081287384033,0.048943759356778985
1.1420764923095703,1.0732815265655518,0.06879496574401855,0.032116017327581216
0.09909826517105103,0.16311430931091309,0.06401604413986206,0.05824414992584793
1.333322286605835,1.0293278694152832,0.30399441719055176,0.13028393845787886
0.960935115814209,0.9562168121337891,0.004718303680419922,0.0024061498222804852
0.8604617714881897,0.3106290102005005,0.5498327612876892,0.2955356405135248
0.9716911911964417,0.9399538040161133,0.03173738718032837,0.016096530390780826
0.3141596019268036,0.31260740756988525,0.001552194356918335,0.0011811307809512087
0.19771800935268402,0.2621811628341675,0.06446315348148346,0.05382164497661939
0.10980568826198578,0.8907324075698853,0.7809267193078995,0.7036607647333939
0.04999721795320511,0.9603337049484253,0.9103364869952202,0.8669894276194081
0.8149504065513611,0.7651797533035278,0.04977065324783325,0.027422596820374772
0.1988777369260788,0.24560260772705078,0.046724870800971985,0.0389738414200388
0.0706794336438179,0.08528745174407959,0.014608018100261688,0.013643689830247852
0.5617297887802124,0.7100536823272705,0.1483238935470581,0.09497410794917753
1.2019519805908203,1.5375683307647705,0.3356163501739502,0.15241765176182395
2.266727506139432e-06,0.05764615535736084,0.0576438886298547,0.05764375796716296
0.6122866272926331,0.5507934093475342,0.06149321794509888,0.038140375851382496
0.2328149974346161,0.5167670249938965,0.2839520275592804,0.23032817425985294
1.2364376783370972,1.022036075592041,0.21440160274505615,0.0958674613747674
0.9933938980102539,0.9382493495941162,0.055144548416137695,0.027663648650264924
0.36557212471961975,0.3093724250793457,0.05619969964027405,0.041154691592590185
0.7914599180221558,0.7669837474822998,0.024476170539855957,0.013662695041973722
2.529470920562744,0.9685149192810059,1.5609560012817383,0.4422634543289727
0.9808247089385986,0.9490567445755005,0.031767964363098145,0.016037746409232057
0.8151862621307373,0.8607276678085327,0.04554140567779541,0.025089108830262472
0.6187841296195984,1.6159379482269287,0.9971538186073303,0.6159893715054234
4.450551205081865e-05,0.0,4.450551205081865e-05,4.45035313983657e-05
0.8070749044418335,0.7165852785110474,0.09048962593078613,0.05007519373345314
0.1984592080116272,0.25437355041503906,0.055914342403411865,0.046655190289021
1.2192225456237793,1.004216194152832,0.21500635147094727,0.0968836369722953
0.15803346037864685,0.12714600563049316,0.030887454748153687,0.026672333576660462
1.3286134004592896,1.0269157886505127,0.30169761180877686,0.1295610562703413
0.1988731473684311,0.1957230567932129,0.0031500905752182007,0.0026275428573346235
0.19768516719341278,0.23442745208740234,0.03674228489398956,0.030677748961431443
0.8666010499000549,0.30579113960266113,0.5608099102973938,0.30044444169118073
0.5812162160873413,0.5424712896347046,0.03874492645263672,0.024503243805903754
0.17784692347049713,0.18121635913848877,0.003369435667991638,0.002860673658732901
0.8113102912902832,0.9152069091796875,0.1038966178894043,0.057359922476559085
0.5616610050201416,0.6321501731872559,0.07048916816711426,0.04513730440890731
0.8089038133621216,0.8305448293685913,0.021641016006469727,0.011963607930178788
0.8470820188522339,0.3336886167526245,0.5133934020996094,0.27794835143196783
0.17796309292316437,0.20123803615570068,0.023274943232536316,0.019758635370127408
0.19861631095409393,0.1681520938873291,0.03046421706676483,0.025416154267511537
0.5490444898605347,0.5357985496520996,0.013245940208435059,0.00855103923427508
0.1700950413942337,0.07234156131744385,0.09775348007678986,0.08354319659393745
0.16793973743915558,0.256294846534729,0.08835510909557343,0.075650400669903
0.2930033206939697,0.08877813816070557,0.20422518253326416,0.15794637126195016
0.16281260550022125,0.23451101779937744,0.07169841229915619,0.061659472867782346
0.8168012499809265,0.8695285320281982,0.05272728204727173,0.02902204192551347
0.19896604120731354,0.20111024379730225,0.0021442025899887085,0.0017883764145893385
0.6160486340522766,0.6354317665100098,0.019383132457733154,0.011994151691542559
1.9920475482940674,1.0222201347351074,0.96982741355896,0.32413502723641957
0.3695834279060364,0.3204425573348999,0.049140870571136475,0.03588015857220777
0.16814377903938293,0.1864546537399292,0.018310874700546265,0.015675189158310735
1.1808265447616577,1.0306470394134521,0.15017950534820557,0.06886357179984649
0.16802182793617249,0.30225539207458496,0.13423356413841248,0.11492384896230533
1.1124697923660278,0.3146994113922119,0.7977703809738159,0.3776481840624522
0.8226088285446167,0.8607751131057739,0.03816628456115723,0.02094046948715465
0.8241034150123596,0.8171786069869995,0.006924808025360107,0.003796280390886274
0.8250062465667725,0.8717385530471802,0.046732306480407715,0.025606655631081367
0.3654569983482361,0.47075891494750977,0.10530191659927368,0.07711844219675548
0.781162440776825,0.6768548488616943,0.10430759191513062,0.05856152674634132
1.1813265085220337,0.5389165878295898,0.6424099206924438,0.29450424692620236
0.8252900838851929,0.7340911626815796,0.09119892120361328,0.04996406982581817
0.4889717400074005,0.2433779239654541,0.2455938160419464,0.1649418920742752
1.2628041505813599,0.8860234022140503,0.37678074836730957,0.16651054324365944
1.1462621688842773,0.8938342332839966,0.25242793560028076,0.11761281508843072
0.8042101860046387,0.7711769342422485,0.03303325176239014,0.018308981968193593
0.8232525587081909,0.9329503774642944,0.10969781875610352,0.06016600291175596
0.29044586420059204,0.3764770030975342,0.08603113889694214,0.06666776289002785
0.9198681712150574,1.0517921447753906,0.13192397356033325,0.06871512093293387
0.9176400899887085,0.9369164705276489,0.01927638053894043,0.010052136811060272
0.1546797752380371,0.5910736322402954,0.4363938570022583,0.37793496202208593
0.33472615480422974,0.31399786472320557,0.02072829008102417,0.015529994678245052
1.218619465827942,0.9815301895141602,0.23708927631378174,0.10686342564172222
1.5474610328674316,0.6787590980529785,0.8687019348144531,0.3410069569686956
1.2815074920654297,1.0384864807128906,0.24302101135253906,0.10651773539982294
1.4970389604568481,0.4548577070236206,1.0421812534332275,0.41736683725693824
1.5772098302841187,0.8112918138504028,0.7659180164337158,0.29718884641584614
0.16911499202251434,0.22363686561584473,0.05452187359333038,0.046635167597166884
0.9780833721160889,0.836836576461792,0.14124679565429688,0.07140588594261105
0.48884251713752747,0.3144521713256836,0.17439034581184387,0.11713149228645724
0.22919125854969025,0.20343458652496338,0.025756672024726868,0.020954161401307795
0.7062599062919617,0.9339845180511475,0.2277246117591858,0.13346419904695303
1.4325319528579712,0.9295686483383179,0.5029633045196533,0.20676534338170724
0.08849716186523438,0.19254517555236816,0.10404801368713379,0.09558868624777898
0.0882575586438179,0.19126462936401367,0.10300707072019577,0.09465320952933491
1.0944920778274536,0.8163880109786987,0.2781040668487549,0.13277876282884912
5.3885287343291566e-05,1.68265700340271,1.6826031181153667,1.6825124554482462
0.29069340229034424,0.14039349555969238,0.15029990673065186,0.11644896182466234
0.9958363771438599,0.8618698120117188,0.1339665651321411,0.06712302003626863
0.890559196472168,0.7698385715484619,0.12072062492370605,0.06385445382983714
0.38365402817726135,0.3911442756652832,0.007490247488021851,0.00541338176703683
0.716907262802124,0.23739957809448242,0.4795076847076416,0.2792857221216761
0.9206796884536743,0.890896201133728,0.02978348731994629,0.015506743523655818
0.8393985033035278,0.8721977472305298,0.03279924392700195,0.017831505173074285
0.4987470805644989,0.6235098838806152,0.12476280331611633,0.08324473484153495
1.4292213916778564,0.6132254600524902,0.8159959316253662,0.3359084249878765
0.6087441444396973,0.7991260290145874,0.19038188457489014,0.11834192853655884
0.9417409300804138,0.9934314489364624,0.051690518856048584,0.02662070828053664
1.2487156391143799,1.0227019786834717,0.2260136604309082,0.10050788836952279
0.3361794352531433,0.2406700849533081,0.0955093502998352,0.0714794344082542
1.2463337182998657,0.8258405923843384,0.42049312591552734,0.18719085347380038
1.214032769203186,0.9147350788116455,0.2992976903915405,0.13518214118359934
8.711635746294633e-05,0.0524977445602417,0.05241062820277875,0.052406062777480604
0.19777953624725342,0.22637498378753662,0.028595447540283203,0.023873715216303666
1.5840458869934082,0.480457067489624,1.1035888195037842,0.4270778723623337
0.8742861151695251,0.7621451616287231,0.112140953540802,0.059831288634744594
0.6020511388778687,0.5860987901687622,0.015952348709106445,0.009957452869001432
0.9188659191131592,0.8896989822387695,0.02916693687438965,0.015200091149604507
1.8419004678726196,0.18651342391967773,1.655387043952942,0.5824929699920581
0.6019588708877563,0.9071298837661743,0.30517101287841797,0.19049865662861967
0.0001074808242265135,0.003779172897338867,0.0036716920731123537,0.0036712974790333265
1.0281049013137817,0.8290576934814453,0.19904720783233643,0.0981444340987471
2.3843438625335693,1.776392936706543,0.6079509258270264,0.17963627530800177
0.8875656127929688,0.8407881259918213,0.04677748680114746,0.024781913001653146
5.095804954180494e-05,0.03474009037017822,0.03468913232063642,0.034687364720186534
0.9198712706565857,0.6417649984359741,0.2781062722206116,0.14485672892302864
0.9214622378349304,0.9601656198501587,0.03870338201522827,0.020142671166329323
1.0186361074447632,0.9341815710067749,0.08445453643798828,0.0418374248466668
0.8900845050811768,0.9344751834869385,0.04439067840576172,0.02348608132939283
0.20677116513252258,0.16997039318084717,0.036800771951675415,0.030495236391925314
1.644477128982544,0.9897905588150024,0.6546865701675415,0.2475674918842768
0.3347506523132324,0.36689233779907227,0.032141685485839844,0.02408066662498772
1.5169177055358887,0.481731653213501,1.0351860523223877,0.41129117970187323
0.20813731849193573,0.15207254886627197,0.05606476962566376,0.046405957971438976
1.1165612936019897,0.9851546287536621,0.13140666484832764,0.062084979653340526
1.0174132585525513,0.9261211156845093,0.09129214286804199,0.04525207836372705
1.1172499656677246,1.068873643875122,0.04837632179260254,0.022848658673774464
1.0172553062438965,0.492702841758728,0.5245524644851685,0.2600327597907666
1.1627520322799683,0.22932922840118408,0.9334228038787842,0.43159030251599023
0.9742446541786194,0.913386344909668,0.060858309268951416,0.030826123368317488
0.2674335539340973,0.42294466495513916,0.15551111102104187,0.12269764402113026
0.261111319065094,0.24039137363433838,0.020719945430755615,0.01642990996712014
1.0922044515609741,0.7589253187179565,0.3332791328430176,0.15929568097150407
0.3966471552848816,0.43949151039123535,0.04284435510635376,0.030676577791485617
0.8502732515335083,0.5795266628265381,0.2707465887069702,0.14632789426241513
0.805171012878418,0.6652491092681885,0.1399219036102295,0.077511716403599
0.8524219989776611,0.9291365146636963,0.07671451568603516,0.041413088231716834
0.8957810401916504,0.5448981523513794,0.350882887840271,0.18508618896452259
0.6664072871208191,0.6334840059280396,0.03292328119277954,0.019757043459443607
0.3477676212787628,0.2125941514968872,0.1351734697818756,0.10029434425321995
0.1977165788412094,0.18651950359344482,0.011197075247764587,0.00934868519445373
0.41185256838798523,0.5985381603240967,0.18668559193611145,0.13222739832478683
0.07320253551006317,0.1567152738571167,0.08351273834705353,0.07781638188858943
0.26449131965637207,0.4780629873275757,0.2135716676712036,0.1688992754250319
0.31246936321258545,0.29170358180999756,0.02076578140258789,0.01582191705546454
0.18718163669109344,0.13907790184020996,0.048103734850883484,0.04051927132646523
0.8624292612075806,0.8711838722229004,0.008754611015319824,0.004700640823073958
0.26095297932624817,0.20344233512878418,0.05751064419746399,0.04560887292418552
0.8877522349357605,0.969818115234375,0.0820658802986145,0.04347280261670948
1.398186206817627,1.011868953704834,0.38631725311279297,0.16108726337202678
1.7790250778198242,0.4879509210586548,1.2910741567611694,0.4645780878573544
0.8391020894050598,0.9121712446212769,0.07306915521621704,0.039730885869339934
0.49108320474624634,0.5284055471420288,0.03732234239578247,0.02503035529941068
0.19796527922153473,0.1917896270751953,0.0061756521463394165,0.005155117809718572
0.07366474717855453,0.13461971282958984,0.06095496565103531,0.05677281089019333
1.4462538957595825,0.8579220771789551,0.5883318185806274,0.2405031708280409
0.8640648126602173,0.7872129678726196,0.07685184478759766,0.04122809693399124
2.5320377349853516,1.9476759433746338,0.5843617916107178,0.16544607828578062
1.18424391746521,1.0165026187896729,0.1677412986755371,0.07679604705970704
0.07382478564977646,0.12455356121063232,0.050728775560855865,0.047241203815350234
0.9717516303062439,0.5115329027175903,0.46021872758865356,0.23340603375952293
0.9982031583786011,1.042719841003418,0.044516682624816895,0.022278356651652478
0.00012434489326551557,0.001149892807006836,0.0010255479137413204,0.0010254204079501415
0.1691277176141739,0.4106494188308716,0.2415217012166977,0.20658282031801314
0.17629015445709229,0.14123260974884033,0.03505754470825195,0.02980348392394094
1.2601680755615234,1.0244624614715576,0.23570561408996582,0.10428676373167794
0.8407453894615173,0.9213365316390991,0.08059114217758179,0.04378179765597975
0.6224289536476135,0.8654755353927612,0.2430465817451477,0.1498041447045925
0.9228395223617554,0.8380528688430786,0.08478665351867676,0.044094503224344134
1.087930679321289,0.9122650623321533,0.17566561698913574,0.08413383582554489
1.4419721364974976,1.0361478328704834,0.40582430362701416,0.16618711473468528
0.44560596346855164,0.4075925350189209,0.03801342844963074,0.02629584368787622
0.8083046078681946,0.8313932418823242,0.02308863401412964,0.0127681110326588
0.6836525201797485,0.7065366506576538,0.022884130477905273,0.01359195570560019
0.9727997779846191,1.0375087261199951,0.06470894813537598,0.032800565398218774
1.0320907831192017,0.8788779973983765,0.1532127857208252,0.07539662449806889
1.197722315788269,0.8862810134887695,0.3114413022994995,0.14171094321704295
0.7940694093704224,0.9357906579971313,0.14172124862670898,0.07899429525217869
0.5007986426353455,0.7735207080841064,0.272722065448761,0.18171795849300035
0.8664636611938477,0.9056200981140137,0.039156436920166016,0.02097894415748783
1.0293506383895874,0.9142910242080688,0.11505961418151855,0.05669774951894234
0.11564410477876663,0.17824959754943848,0.06260549277067184,0.056116007338277984
0.1158786192536354,1.0325286388397217,0.9166500195860863,0.8214603306936692
0.7928613424301147,0.8659870624542236,0.07312572002410889,0.04078715865722857
6.133785063866526e-06,0.06022787094116211,0.06022173715609824,0.06022136777117208
0.18796037137508392,0.28467023372650146,0.09670986235141754,0.08140832361223824
0.919999361038208,0.986534833908081,0.06653547286987305,0.034653903652288244
0.6746431589126587,0.6860591173171997,0.011415958404541016,0.006816949834228187
1.1205114126205444,0.9005974531173706,0.21991395950317383,0.10370798204354036
0.19761992990970612,0.2096097469329834,0.011989817023277283,0.010011370655948627
0.8497522473335266,0.92530357837677,0.07555133104324341,0.04084402716750469
0.8096050024032593,0.7830202579498291,0.026584744453430176,0.014690910125758997
1.1298588514328003,0.921630859375,0.2082279920578003,0.09776609934396403
1.46761953830719,0.9355850219726562,0.5320345163345337,0.21560638018756909
0.7878559231758118,0.7436521053314209,0.04420381784439087,0.024724485497618038
0.8210640549659729,0.9837490320205688,0.16268497705459595,0.08933512064606412
1.516076683998108,0.3233126401901245,1.1927640438079834,0.4740571109751122
0.17633771896362305,0.9507139921188354,0.7743762731552124,0.6582941791898447
0.19203932583332062,0.26086437702178955,0.06882505118846893,0.057737232066866005
0.31279730796813965,0.27966809272766113,0.033129215240478516,0.025235590474933036
0.20457813143730164,0.2495577335357666,0.044979602098464966,0.03734054348537387
1.1178257465362549,1.0328214168548584,0.08500432968139648,0.04013754664207984
1.021870732307434,0.8621903657913208,0.15968036651611328,0.0789765458120461
0.49034979939460754,0.9056531190872192,0.4153033196926117,0.27866164028157103
0.8128701448440552,1.0008094310760498,0.18793928623199463,0.1036694695240631
0.0793347954750061,0.044875383377075195,0.03445941209793091,0.03192652756345691
1.1896885633468628,0.9250354766845703,0.2646530866622925,0.1208633460905415
0.7596102356910706,0.8379170894622803,0.07830685377120972,0.04450238591642167
0.49213165044784546,0.14014506340026855,0.3519865870475769,0.23589512824952968
0.8412364721298218,0.7685703039169312,0.07266616821289062,0.03946596176689633
0.14240583777427673,0.6907105445861816,0.5483047068119049,0.47995614927892394
0.19213737547397614,0.29686057567596436,0.10472320020198822,0.08784490978680358
0.19240057468414307,0.21360433101654053,0.02120375633239746,0.017782410359886112
1.1568284034729004,0.9086332321166992,0.24819517135620117,0.11507413893314838
0.19238094985485077,0.25480973720550537,0.0624287873506546,0.05235641122768197
0.1966961920261383,0.3309664726257324,0.13427028059959412,0.11220080877190707
1.535124465590343e-05,0.0,1.535124465590343e-05,1.5351008998808574e-05
0.1914052814245224,0.1708984375,0.0205068439245224,0.017212315778895215
0.0801478922367096,0.14235103130340576,0.06220313906669617,0.057587613246080034
3.359167749295011e-05,0.060869455337524414,0.060835863660031464,0.06083382014996432
0.0737316682934761,0.20882093906402588,0.13508927077054977,0.12581287742518804
0.29153162240982056,0.3570817708969116,0.06555014848709106,0.05075380838510442
1.1631795167922974,0.9344278573989868,0.22875165939331055,0.1057478852853222
0.19296173751354218,0.37212228775024414,0.17916055023670197,0.15018130473331143
1.3082903623580933,0.9461280107498169,0.36216235160827637,0.1568963582373147
0.00011470952449599281,0.04909014701843262,0.048975437493936624,0.048969820189148076
0.9175635576248169,0.4344184398651123,0.4831451177597046,0.2519578116921196
5.409086497820681e-06,0.0011425018310546875,0.0011370927445568668,0.0011370865939571246
1.2016267776489258,0.9226794242858887,0.2789473533630371,0.1267005635082798
1.4453665018081665,1.0316534042358398,0.41371309757232666,0.16918245067412865
1.342655897140503,1.0179872512817383,0.32466864585876465,0.13858998509130696
1.5080268383026123,0.9409583806991577,0.5670684576034546,0.2261014311901209
1.006242036819458,0.8818734884262085,0.12436854839324951,0.06199079976931091
1.0067760944366455,0.9983553886413574,0.008420705795288086,0.00419613619009748
1.0077539682388306,0.8867794275283813,0.12097454071044922,0.06025366784186517
1.2559839487075806,1.0523719787597656,0.20361196994781494,0.09025417493083725
1.8233766555786133,0.65971839427948,1.1636582612991333,0.4121512654005624
1.3969917297363281,1.0016791820526123,0.3953125476837158,0.1649202801910379
0.7916350960731506,0.8564684391021729,0.06483334302902222,0.036186689561463654
1.2383832931518555,0.9552984237670898,0.2830848693847656,0.12646845169495316
1.7501461505889893,1.335688829421997,0.4144573211669922,0.15070374390038482
0.3356511890888214,0.35625970363616943,0.020608514547348022,0.015429563283964214
0.7906842827796936,0.7486950159072876,0.041989266872406006,0.023448726990123424
0.22230440378189087,0.2167145013809204,0.005589902400970459,0.004573249007100793
1.069880723953247,1.0496931076049805,0.0201876163482666,0.009753033648098548
0.9969040751457214,0.9300799369812012,0.06682413816452026,0.033463869895525085
0.5982837677001953,1.001884937286377,0.40360116958618164,0.2525215970671666
0.1296129822731018,0.052694082260131836,0.07691890001296997,0.0680931444840403
0.16843728721141815,0.28982627391815186,0.1213889867067337,0.10389003161345489
0.3527274429798126,0.25431954860687256,0.09840789437294006,0.07274776222190434
1.2729500532150269,0.9067655801773071,0.3661844730377197,0.16110537603752517
1.445090413093567,0.9710551500320435,0.47403526306152344,0.19387228403622367
0.34849312901496887,0.31265926361083984,0.03583386540412903,0.026573265100953477
1.445464849472046,0.9121304750442505,0.5333343744277954,0.21809120443621896
0.18753346800804138,0.3843421936035156,0.19680872559547424,0.1657289928220714
0.19946257770061493,0.2034282684326172,0.003965690732002258,0.003306222974963119
0.3984459936618805,0.3027118444442749,0.09573414921760559,0.06845752331623642
0.3065681457519531,0.2115306854248047,0.09503746032714844,0.07273823461573273
0.16751115024089813,0.16682910919189453,0.0006820410490036011,0.0005841837560719419
1.119409441947937,0.9455310106277466,0.17387843132019043,0.08204098173705396
0.971750020980835,0.9610127210617065,0.010737299919128418,0.005445568558324252
1.2592313289642334,0.6723161935806274,0.586915135383606,0.25978532072352367
2.0235605239868164,1.5968456268310547,0.4267148971557617,0.1411299339869349
1.3554637432098389,0.9419957399368286,0.41346800327301025,0.17553571115875843
0.18794208765029907,0.18946194648742676,0.0015198588371276855,0.0012794048236256233
0.8091772198677063,0.9866999387741089,0.1775227189064026,0.09812345466044708
1.0086909532546997,1.0311388969421387,0.022447943687438965,0.011175409363529199
0.05153682082891464,0.9523804187774658,0.9008435979485512,0.856692395458322
1.4292898178100586,1.0379745960235596,0.391315221786499,0.16108214792554454
0.26455962657928467,0.20988845825195312,0.05467116832733154,0.04323336533779793
0.6530147790908813,0.7200745344161987,0.06705975532531738,0.040568152307869046
1.1023621559143066,0.6024875640869141,0.4998745918273926,0.23776806979766035
0.0475192666053772,0.20512807369232178,0.15760880708694458,0.15045910095543777
0.8391847014427185,0.7785170078277588,0.06066769361495972,0.03298618869946555
0.927320659160614,0.8636511564254761,0.06366950273513794,0.03303524114293843
3.0223677158355713,1.0995430946350098,1.9228246212005615,0.47803302856440383
1.023114562034607,0.9248038530349731,0.09831070899963379,0.048593742956782746
0.3840239346027374,0.21350347995758057,0.17052045464515686,0.12320629028290765
1.4045355319976807,1.069392204284668,0.3351433277130127,0.1393796528490376
1.5309746231650934e-05,1.369307518005371,1.3692922082591394,1.3692712450638551
1.1914775371551514,0.423589825630188,0.7678877115249634,0.3503972541383155
4.90354432258755e-05,0.053008198738098145,0.05295916329487227,0.052956566546159954
1.2618683576583862,1.6107425689697266,0.34887421131134033,0.15424160744373056
0.16829733550548553,0.14844977855682373,0.019847556948661804,0.016988446644085164
0.49146464467048645,0.4937785863876343,0.002313941717147827,0.0015514559633822583
0.8080992698669434,0.8502748012542725,0.0421755313873291,0.023325893710710234
0.8090550899505615,0.775029182434082,0.03402590751647949,0.018808662989588318
0.9974654912948608,0.9123106002807617,0.08515489101409912,0.042631470423500184
0.39849311113357544,0.29069197177886963,0.10780113935470581,0.07708378289209128
0.1681578904390335,0.18761169910430908,0.019453808665275574,0.01665340689345014
0.8134833574295044,0.7323319911956787,0.08115136623382568,0.044748889423971615
0.5595728754997253,0.5097655057907104,0.04980736970901489,0.03193654524996493
0.16887502372264862,0.19437730312347412,0.0255022794008255,0.02181779821045838
0.393166184425354,0.24991834163665771,0.1432478427886963,0.10282179139151473
1.2008167505264282,0.9686828851699829,0.2321338653564453,0.10547623526625724
5.258811142994091e-06,0.0,5.258811142994091e-06,5.258783488044886e-06
1.2011052370071411,0.9370465278625488,0.2640587091445923,0.11996641719122655
1.2619987726211548,1.0503206253051758,0.211678147315979,0.09358013358720393
0.234212264418602,0.3480771780014038,0.11386491358280182,0.09225715613548853
1.0230129957199097,0.9357596635818481,0.08725333213806152,0.0431303863705589
1.026789665222168,0.9217528104782104,0.10503685474395752,0.05182425021515187
0.7024100422859192,0.6230599880218506,0.0793500542640686,0.04661042421808141
0.8128051161766052,0.9260096549987793,0.11320453882217407,0.06244716423844513
0.6358235478401184,0.8171578645706177,0.18133431673049927,0.11085200293755795
0.07471341639757156,0.1762065887451172,0.10149317234754562,0.09443742936395984
8.993695814751845e-07,0.0,8.993695814751845e-07,8.993687726102679e-07
1.4168365001678467,0.2938101291656494,1.1230263710021973,0.4646679123408656
2.1737828254699707,1.629526138305664,0.5442566871643066,0.1714851699355685
0.11561521142721176,0.29457104206085205,0.1789558306336403,0.1604099951314766
1.1281105279922485,0.6621288061141968,0.46598172187805176,0.21896500005461608
0.11574219167232513,0.2451939582824707,0.12945176661014557,0.11602300923667444
1.1564830541610718,0.9788450002670288,0.17763805389404297,0.08237396234172997
1.3347634077072144,0.9784801006317139,0.3562833070755005,0.1525993194425546
0.9963740110397339,0.9540101289749146,0.042363882064819336,0.021220413524996627
0.16892221570014954,0.19241583347320557,0.02349361777305603,0.020098529617716313
0.7641803026199341,0.4551597833633423,0.3090205192565918,0.1751637963521496
1.3050395250320435,1.0230579376220703,0.28198158740997314,0.12233264737881368
0.2292366623878479,0.18920814990997314,0.040028512477874756,0.0325637151109027
0.9974883198738098,0.9583836793899536,0.0391046404838562,0.01957690570442315
1.3687002658843994,0.30539536476135254,1.0633049011230469,0.4488980376443035
1.0626121759414673,1.0499064922332764,0.012705683708190918,0.006159996462927638
0.2918016314506531,0.27467846870422363,0.017123162746429443,0.013255257099498059
0.8487828373908997,1.0148634910583496,0.16608065366744995,0.08983242937382076
0.3988674581050873,0.5232775211334229,0.12441006302833557,0.088936276491028
0.16741536557674408,0.17656874656677246,0.009153380990028381,0.007840723413389622
2.5305205781478435e-05,0.053592681884765625,0.05356737667898415,0.053566021179795295
0.052388425916433334,0.086372971534729,0.03398454561829567,0.03229277781984488
0.26436859369277954,0.26973021030426025,0.005361616611480713,0.004240548712002804
0.8111440539360046,0.6958339214324951,0.11531013250350952,0.06366701326320005
0.39960548281669617,0.2838287353515625,0.11577674746513367,0.08272098736862175
0.8915698528289795,0.9308873414993286,0.03931748867034912,0.02078563929930844
1.4283854961395264,1.751556158065796,0.32317066192626953,0.13308046125296957
0.17626936733722687,0.1611325740814209,0.01513679325580597,0.012868475262661817
0.9744929671287537,0.8706225156784058,0.1038704514503479,0.0526061389833123
0.05176393315196037,0.4161127805709839,0.3643488474190235,0.3464169438926576
9.225656685885042e-05,0.0,9.225656685885042e-05,9.224805636987033e-05
0.1679026484489441,0.20100784301757812,0.03310519456863403,0.028345851096921504
4.1634825720393565e-06,0.0,4.1634825720393565e-06,4.163465237524401e-06
0.5507786273956299,0.6818227767944336,0.1310441493988037,0.08450216367688702
0.8083366751670837,0.8387715816497803,0.030434906482696533,0.016830331929138395
1.400260090827942,0.583528995513916,0.8167310953140259,0.34026774783073777
1.3065745830535889,1.058568000793457,0.24800658226013184,0.10752159677915339
0.29103782773017883,0.25834500789642334,0.03269281983375549,0.025322898470940967
0.039947472512722015,0.20942211151123047,0.16947463899850845,0.16296461453867828
0.636818528175354,0.5691772699356079,0.0676412582397461,0.041324836611636655
1.2781305313110352,1.0061285495758057,0.2720019817352295,0.11939701347081978
1.2729511260986328,1.0171229839324951,0.2558281421661377,0.11255329656174765
0.745039701461792,0.6985859870910645,0.04645371437072754,0.026620434097753765
0.7902607321739197,0.8013144731521606,0.011053740978240967,0.006174374927398632
0.39842140674591064,0.3335247039794922,0.06489670276641846,0.046407114803420635
0.9210782647132874,0.8489283323287964,0.07214993238449097,0.03755699791609429
0.512010931968689,0.5055956840515137,0.006415247917175293,0.004242858157660557
0.9214275479316711,0.8666949272155762,0.05473262071609497,0.028485393984806835
0.5992019772529602,0.5213931798934937,0.07780879735946655,0.048654765605732384
0.5676208138465881,0.8442243337631226,0.2766035199165344,0.17644797611344018
0.24905787408351898,0.3152785301208496,0.06622065603733063,0.05301648339226814
0.39892661571502686,0.3458075523376465,0.05311906337738037,0.03797130083927231
0.7905306816101074,0.7947036027908325,0.004172921180725098,0.002330549944540834
1.0697495937347412,0.9775468111038208,0.09220278263092041,0.044547795979776435
0.40422317385673523,0.12359106540679932,0.2806321084499359,0.19984865203383062
0.19795936346054077,0.16789627075195312,0.030063092708587646,0.025095252498168637
0.3942645788192749,0.5260818004608154,0.13181722164154053,0.09454247324648324
0.8415611982345581,0.8251378536224365,0.016423344612121582,0.008918163907811525
1.2369147539138794,0.8240171670913696,0.41289758682250977,0.18458351445895385
0.22980555891990662,0.14937233924865723,0.08043321967124939,0.0654032006018016
1.132952332496643,0.9775317907333374,0.15542054176330566,0.07286639246240646
0.3334729075431824,0.5060168504714966,0.1725439429283142,0.12939441210411443
0.0471966415643692,0.40049588680267334,0.35329924523830414,0.33737622067859496
0.8428874015808105,0.8274060487747192,0.015481352806091309,0.008400596147551695
3.1851268431637436e-05,0.012082099914550781,0.012050248646119144,0.012049864842639476
0.9699743986129761,0.2629566192626953,0.7070177793502808,0.3588969378729385
0.9321345686912537,0.8733584880828857,0.05877608060836792,0.03042028312147034
0.1768353134393692,0.2723797559738159,0.09554444253444672,0.0811876066628325
0.94352126121521,1.0334570407867432,0.0899357795715332,0.04627465691592166
9.000168574857526e-06,0.05312800407409668,0.05311900390552182,0.05311852582983491
0.9225279688835144,0.8928236961364746,0.029704272747039795,0.015450632306946465
1.1091022491455078,0.9968323707580566,0.11226987838745117,0.053231121645684436
1.1321355104446411,0.8043348789215088,0.3278006315231323,0.1537428694927425
1.1367541551589966,1.505049705505371,0.3682955503463745,0.1723621547463281
1.2533485889434814,0.9743425846099854,0.2790060043334961,0.123818394411986
0.8378342986106873,0.8828903436660767,0.045056045055389404,0.024515836432832692
2.8285834789276123,0.4972492456436157,2.3313342332839966,0.6089286667289815
9.753759513841942e-05,0.03190290927886963,0.03180537168373121,0.031802269766818214
0.14277613162994385,0.607373833656311,0.4645977020263672,0.4065518076263201
0.5794112086296082,0.41653168201446533,0.16287952661514282,0.10312673844860634
0.1682741940021515,0.6110098361968994,0.4427356421947479,0.3789655240762192
9.900423174258322e-05,0.03305220603942871,0.03295320180768613,0.03294993962422767
1.5646085739135742,0.4966379404067993,1.067970633506775,0.4164263678948322
0.025826724246144295,0.24820148944854736,0.22237476520240307,0.2167761474198491
0.7888377904891968,0.8466367721557617,0.05779898166656494,0.032310912690836295
0.291014164686203,0.3526482582092285,0.06163409352302551,0.047740834460949885
0.8618304133415222,0.7960692644119263,0.06576114892959595,0.035320697555676434
0.9990654587745667,1.011927604675293,0.012862145900726318,0.006434079406589744
0.4895404577255249,0.6848407983779907,0.19530034065246582,0.1311144921506076
0.8992454409599304,0.868870735168457,0.03037470579147339,0.015993038675465338
0.11610238254070282,0.37012290954589844,0.2540205270051956,0.22759607987480648
1.9202663898468018,1.7532470226287842,0.16701936721801758,0.05719319572992088
0.9965764880180359,0.3748258352279663,0.6217506527900696,0.31140838155780837
0.1687561720609665,0.15104055404663086,0.017715618014335632,0.015157667987409373
1.0505071878433228,0.6172195672988892,0.4332876205444336,0.2113075355761887
0.8414729833602905,0.763435959815979,0.07803702354431152,0.04237750119033015
0.22212035953998566,0.9998286962509155,0.7777083367109299,0.6363598565722811
0.8119176030158997,0.729301929473877,0.0826156735420227,0.04559571219160883
1.4919688510417473e-05,0.0,1.4919688510417473e-05,1.4919465916633254e-05
1.259304165840149,1.0317308902740479,0.22757327556610107,0.10072715263704887
1.622296690940857,0.767645001411438,0.854651689529419,0.3259172360175528
0.8425447344779968,0.8387906551361084,0.0037540793418884277,0.0020374427125927986
1.0702964067459106,0.589127779006958,0.48116862773895264,0.2324153324959168
0.8434017896652222,0.8654588460922241,0.022057056427001953,0.011965409033810099
1.2384206056594849,0.4312807321548462,0.8071398735046387,0.36058454405928714
0.12597152590751648,0.6805318593978882,0.5545603334903717,0.49251719135917243
0.6624282002449036,0.9571260213851929,0.2946978211402893,0.1772695031862882
0.3978169858455658,0.16318142414093018,0.23463556170463562,0.16785857095784262
0.16969744861125946,0.1969161033630371,0.02721865475177765,0.02326982484581239
0.2929486632347107,0.21309733390808105,0.07985132932662964,0.06175908726867536
2.4238080978393555,1.0405352115631104,1.3832728862762451,0.4040158930487897
1.2963745594024658,1.0316379070281982,0.2647366523742676,0.11528461299586687
0.8700374364852905,0.9735490083694458,0.10351157188415527,0.05535267362278257
0.6365697979927063,0.23280155658721924,0.40376824140548706,0.24671617544251329
0.611212968826294,0.6242750883102417,0.013062119483947754,0.00810700989668858
0.8371431231498718,0.7511552572250366,0.0859878659248352,0.04680520795647364
0.3114631772041321,0.29063892364501953,0.02082425355911255,0.015878641444975323
0.17677000164985657,0.2634662389755249,0.08669623732566833,0.07367305183180942
1.2358465194702148,0.5546423196792603,0.6812041997909546,0.30467395407461434
0.9223683476448059,0.2563621997833252,0.6660061478614807,0.3464508498995209
1.4215481281280518,0.9965423345565796,0.42500579357147217,0.17550995110719428
0.7457289099693298,0.7684110403060913,0.022682130336761475,0.012992928173000223
1.1852232217788696,0.3893324136734009,0.7958908081054688,0.3642148775343775
2.403585195541382,0.9738850593566895,1.4297001361846924,0.4200571027449428
0.20802433788776398,0.3220409154891968,0.1140165776014328,0.09438268255488239
0.248787060379982,0.15486466884613037,0.09392239153385162,0.07521089424587155
0.784284234046936,0.9202272891998291,0.13594305515289307,0.0761891253416282
1.2363380193710327,1.0377051830291748,0.1986328363418579,0.08882057838363949
0.30683594942092896,0.7348331212997437,0.4279971718788147,0.32750642654761997
0.3055734634399414,0.33104801177978516,0.02547454833984375,0.019512152363087322
1.0328677892684937,0.9894130229949951,0.043454766273498535,0.021376090714259034
1.9163621664047241,1.7101585865020752,0.20620357990264893,0.07070575193918922
0.8442123532295227,1.8239655494689941,0.9797531962394714,0.5312583415482282
1.108776330947876,1.0757334232330322,0.03304290771484375,0.015669233019127857
0.8475995659828186,0.5603724718093872,0.2872270941734314,0.15545960253603047
0.8470675349235535,0.7366867065429688,0.11038082838058472,0.059760039247916924
0.7644012570381165,1.0560572147369385,0.291655957698822,0.16530024365796592
0.3067686855792999,0.18475675582885742,0.1220119297504425,0.09336918698534144
0.4050489366054535,0.5519394874572754,0.1468905508518219,0.10454479344093456
0.3490944802761078,0.9246170520782471,0.5755225718021393,0.42659915981892677
0.7844215035438538,0.9332566261291504,0.14883512258529663,0.0834080525759809
1.4701887369155884,0.9165951013565063,0.553593635559082,0.22410985334275674
1.5417275428771973,1.339228868484497,0.2024986743927002,0.07966970140453164
1.2260926961898804,0.938450813293457,0.28764188289642334,0.12921379392185392
0.39709240198135376,0.3255655765533447,0.07152682542800903,0.0511969182042432
0.42047274112701416,0.8556743860244751,0.43520164489746094,0.3063780333807522
0.9951013326644897,0.883465051651001,0.11163628101348877,0.05595519344593727
0.9243475794792175,0.9987168312072754,0.07436925172805786,0.038646475574950066
4.824017014470883e-05,0.0,4.824017014470883e-05,4.82378431429482e-05
1.541839838027954,0.32219207286834717,1.219647765159607,0.47982872363266255
1.5019525289535522,1.1025021076202393,0.399450421333313,0.15965547575772115
0.8432075381278992,0.9119677543640137,0.0687602162361145,0.03730465225090853
1.0349799394607544,0.5447821617126465,0.4901977777481079,0.24088580346300834
0.8593654632568359,0.9096692800521851,0.05030381679534912,0.027054292332201184
1.03287935256958,0.9243276119232178,0.1085517406463623,0.05339802409284732
1.1184797286987305,0.984412431716919,0.13406729698181152,0.06328467304436372
0.7444723844528198,0.8473234176635742,0.1028510332107544,0.058958246703925424
0.05119364336133003,0.18731987476348877,0.13612623140215874,0.1294968175101185
0.9158830046653748,1.0808968544006348,0.16501384973526,0.08612939795041456
0.7850431203842163,0.6386958360671997,0.1463472843170166,0.0819852936020484
1.4162280559539795,0.6600902080535889,0.7561378479003906,0.312941423735704
0.06634863466024399,1.485259771347046,1.418911136686802,1.3306259234240874
0.9739872813224792,1.0685513019561768,0.09456402063369751,0.04790508101467809
0.9571706056594849,0.9884918928146362,0.03132128715515137,0.016003350481854084
0.00010661739361239597,0.27429306507110596,0.27418644767749356,0.2741572177494971
0.4765540361404419,0.5561069250106812,0.07955288887023926,0.053877397591341934
0.9234508275985718,0.8989596366882324,0.024491190910339355,0.012732943602679255
0.2912922203540802,0.21046686172485352,0.08082535862922668,0.06259261641572028
0.992789089679718,0.9084491729736328,0.0843399167060852,0.042322550410811594
0.3500725328922272,1.0591113567352295,0.7090388238430023,0.5251857263728238
0.19748806953430176,0.16454064846038818,0.032947421073913574,0.02751377814288095
0.6112605333328247,0.6145042181015015,0.003243684768676758,0.002013134872711946
0.47530680894851685,0.5026609897613525,0.027354180812835693,0.01854135061732116
2.3266947269439697,1.440314531326294,0.8863801956176758,0.26644470514189283
0.612884521484375,0.6110132932662964,0.0018712282180786133,0.0011601749493860096
0.9699757695198059,0.8484059572219849,0.12156981229782104,0.061711323651180976
0.09898620843887329,0.2763296365737915,0.1773434281349182,0.1613700215463461
0.31044530868530273,0.25149810314178467,0.058947205543518066,0.044982575886861345
0.778546929359436,0.8079485893249512,0.029401659965515137,0.016531281508610222
0.17717787623405457,0.24969208240509033,0.07251420617103577,0.06160004162074313
0.19703634083271027,0.25438737869262695,0.05735103785991669,0.047910857760609694
1.071541428565979,0.7835918664932251,0.2879495620727539,0.1390025601718651
1.1994097232818604,0.7465001344680786,0.45290958881378174,0.2059232456870157
0.23031224310398102,0.20676612854003906,0.023546114563941956,0.0191383241903998
0.1974719762802124,0.14618337154388428,0.051288604736328125,0.04283073487502343
0.11536715924739838,0.17683196067810059,0.06146480143070221,0.05510723614291818
0.4746604859828949,0.912529468536377,0.43786898255348206,0.2969286738985431
1.4228187799453735,0.9680535793304443,0.4547652006149292,0.18770087320570572
0.4920639991760254,1.0011229515075684,0.509058952331543,0.3411776925203374
1.1080220937728882,0.9162613153457642,0.19176077842712402,0.09096715778908897
0.11560601741075516,0.05422818660736084,0.06137783080339432,0.055017479150792
1.4196507930755615,1.0437147617340088,0.37593603134155273,0.15536788714197441
1.0687626600265503,1.0100867748260498,0.05867588520050049,0.028362792085462066
1.0691168308258057,0.8708221912384033,0.19829463958740234,0.09583540022158195
0.2776108384132385,0.2615532875061035,0.01605755090713501,0.012568421012362494
1.2018979787826538,0.9704161882400513,0.23148179054260254,0.10512829966381097
0.845396876335144,0.9858757257461548,0.14047884941101074,0.07612392283333326
1.1274499893188477,0.9500793218612671,0.17737066745758057,0.08337242630759555
0.7753424048423767,0.7909654378890991,0.015623033046722412,0.008800011200154653
1.2165417671203613,0.9202080965042114,0.2963336706161499,0.13369189564207232
1.0255796909332275,0.8054518699645996,0.22012782096862793,0.1086739869845409
3.130700861220248e-05,0.0,3.130700861220248e-05,3.1306028514098175e-05
1.0350435972213745,0.7084646224975586,0.3265789747238159,0.1604776306363771
1.928654091898352e-05,0.0007175207138061523,0.0006982341728871688,0.00069822070662494
1.0039496421813965,1.0055794715881348,0.0016298294067382812,0.000813308564462794
1.5086077451705933,0.9938721656799316,0.5147355794906616,0.20518775024975378
6.377907993737608e-05,0.0,6.377907993737608e-05,6.377501242576057e-05
0.7823655009269714,0.7437502145767212,0.038615286350250244,0.021665189508081946
0.19240166246891022,0.21908152103424072,0.026679858565330505,0.022374892123253925
0.9120524525642395,0.9545607566833496,0.04250830411911011,0.022231766739506824
0.19738586246967316,0.2810262441635132,0.08364038169384003,0.06985248808711271
1.2797738313674927,0.5972425937652588,0.6825312376022339,0.2993855040404716
0.5021615624427795,0.21176636219024658,0.29039520025253296,0.19331822056496983
0.6572827696800232,0.5690743923187256,0.08820837736129761,0.05322469947498958
0.7781381011009216,0.9027656316757202,0.12462753057479858,0.0700887802233338
0.19338609278202057,0.14521634578704834,0.04816974699497223,0.0403639252093838
2.5839974114205688e-05,0.08913064002990723,0.08910480005579302,0.08910249764956024
0.9561359882354736,1.4158391952514648,0.4597032070159912,0.23500575102177076
0.07919170707464218,0.15856432914733887,0.07937262207269669,0.07354821349383005
1.0838769674301147,0.9722102880477905,0.11166667938232422,0.05358602313265843
0.19198045134544373,0.26471924781799316,0.07273879647254944,0.06102348103984909
7.099657523212954e-05,0.03936326503753662,0.03929226846230449,0.039289479043849725
0.809662401676178,0.8500363826751709,0.04037398099899292,0.02231022811856897
0.19191695749759674,0.13670718669891357,0.055209770798683167,0.046320148774957326
1.2571440935134888,1.021526575088501,0.2356175184249878,0.10438745098378883
1.4195466041564941,1.0516293048858643,0.3679172992706299,0.1520604309247822
1.4191752672195435,0.4699486494064331,0.9492266178131104,0.3923761253164989
0.16788633167743683,0.16679561138153076,0.001090720295906067,0.0009339267583853506
0.16782358288764954,0.14226126670837402,0.025562316179275513,0.02188885081089747
3.860723154502921e-05,0.0,3.860723154502921e-05,3.8605741084244204e-05
6.397352262865752e-05,0.0,6.397352262865752e-05,6.396943027886203e-05
1.0201781151408795e-05,0.020276188850402832,0.020265987069251423,0.020265780322195715
1.4423111679207068e-05,0.17229783535003662,0.17228341223835741,0.17228092741130116
1.0467867851257324,0.42994701862335205,0.6168397665023804,0.3013698207282926
0.0746166929602623,0.08710694313049316,0.012490250170230865,0.011622981712506057
0.9235556721687317,0.9289766550064087,0.005420982837677002,0.0028182094836720073
0.19224180281162262,0.24318671226501465,0.05094490945339203,0.04273034994516248
0.9888694882392883,0.8048462867736816,0.1840232014656067,0.09252653457342706
0.1897655576467514,0.36997127532958984,0.18020571768283844,0.15146321602994547
0.29092398285865784,0.38701844215393066,0.09609445929527283,0.07443851115266957
0.12442624568939209,0.6811830997467041,0.556756854057312,0.49514750851085054
1.1381826400756836,1.0750274658203125,0.0631551742553711,0.029536847354225848
0.6578860282897949,0.47300899028778076,0.18487703800201416,0.11151371978972854
1.0692617893218994,1.0235793590545654,0.045682430267333984,0.022076679955659064
0.2850523889064789,0.3179657459259033,0.03291335701942444,0.025612463198821184
0.3045412003993988,0.21749794483184814,0.08704325556755066,0.06672327063407539
0.9688321948051453,0.9953229427337646,0.026490747928619385,0.01345505625035818
0.9740839600563049,0.7166881561279297,0.25739580392837524,0.1303874653441963
0.14379659295082092,0.1855679750442505,0.041771382093429565,0.03651993925394179
0.9702938199043274,0.786278486251831,0.18401533365249634,0.09339486922891108
0.351733922958374,0.3201667070388794,0.03156721591949463,0.023353128439957578
0.1988125592470169,0.23234963417053223,0.03353707492351532,0.02797524489114479
0.7714425325393677,0.8333479166030884,0.0619053840637207,0.03494631235650595
0.19188043475151062,0.8938976526260376,0.702017217874527,0.5889996994714383
0.19188179075717926,0.9184027910232544,0.7265210002660751,0.6095579325903876
0.8492636680603027,0.8153491020202637,0.03391456604003906,0.018339497296030335
0.8096470832824707,0.8698949813842773,0.06024789810180664,0.033292622997255675
0.9902607798576355,0.9065754413604736,0.08368533849716187,0.04204742380701886
0.879338264465332,0.7747695446014404,0.1045687198638916,0.055641244496046696
0.00013730594946537167,0.0,0.00013730594946537167,0.0001372870991298763
1.592352032661438,0.7462595701217651,0.8460924625396729,0.32638023381069586
0.8196452856063843,0.8066378831863403,0.013007402420043945,0.007148317599553101
0.23574629426002502,0.2658199071884155,0.030073612928390503,0.024336397420798118
1.4242149591445923,0.7256183624267578,0.6985965967178345,0.28817436097512616
0.3665843605995178,0.2501363754272461,0.11644798517227173,0.08521097455058407
0.22974714636802673,0.23978888988494873,0.010041743516921997,0.008165697758746253
1.08647620677948,0.6869959831237793,0.3994802236557007,0.19146167224801802
0.16760364174842834,0.2236694097518921,0.056065768003463745,0.04801780844012104
1.4734389781951904,0.3265954256057739,1.1468435525894165,0.46366357233775013
0.19182975590229034,0.16141211986541748,0.030417636036872864,0.02552179611747048
0.3669118881225586,0.3499716520309448,0.01694023609161377,0.012393071008315711
1.9733214378356934,1.8268883228302002,0.14643311500549316,0.049249002526979765
0.6408238410949707,0.6748212575912476,0.033997416496276855,0.020719723619806354
0.35241860151290894,0.27960050106048584,0.0728181004524231,0.05384287111325128
0.22994278371334076,0.2644559144973755,0.03451313078403473,0.028060761233002694
2.1454809029819444e-05,0.0,2.1454809029819444e-05,2.1454348730864564e-05
0.19743405282497406,0.1758652925491333,0.02156876027584076,0.018012482795988608
0.8660209774971008,1.0131337642669678,0.14711278676986694,0.07883769182873267
3.1722913718112977e-06,0.0,3.1722913718112977e-06,3.1722813084106742e-06
1.3928194046020508,1.0582938194274902,0.33452558517456055,0.13980394196535506
0.1976252794265747,0.25989460945129395,0.06226933002471924,0.051994001040570816
0.2777829170227051,0.4004995822906494,0.12271666526794434,0.09603874307059919
0.8115361928939819,0.9794869422912598,0.16795074939727783,0.0927117824397268
0.863894522190094,1.0258922576904297,0.1619977355003357,0.08691357454604609
0.09909042716026306,0.22612977027893066,0.1270393431186676,0.11558588809375869
0.7814981937408447,0.8443641662597656,0.0628659725189209,0.03528826059986791
1.9287115335464478,1.8765504360198975,0.05216109752655029,0.017810254417029305
1.0694220066070557,0.8807629346847534,0.18865907192230225,0.09116510374392914
0.7773856520652771,0.8758764266967773,0.09849077463150024,0.05541328327763671
0.9527510404586792,1.0184698104858398,0.06571877002716064,0.03365445398084338
2.044442892074585,1.0733752250671387,0.9710676670074463,0.31896399486926436
0.1518470197916031,0.9710594415664673,0.8192124217748642,0.711216340103115
1.475477695465088,0.890701174736023,0.5847765207290649,0.236227747800086
0.30646008253097534,0.9296386241912842,0.6231785416603088,0.4769977667079114
0.22970332205295563,0.15210461616516113,0.0775987058877945,0.06310359945864472
1.5383572578430176,0.8253766298294067,0.7129806280136108,0.2808826952197698
0.23608005046844482,0.3647526502609253,0.12867259979248047,0.10409730319951092
0.9937248229980469,0.9190171957015991,0.07470762729644775,0.03747138342998949
0.7744567394256592,1.1120507717132568,0.33759403228759766,0.19025204998622122
1.4593044519424438,1.0869336128234863,0.3723708391189575,0.15141307080741717
0.1776544153690338,0.20007610321044922,0.022421687841415405,0.019039276335060713
0.4141217768192291,0.4520392417907715,0.03791746497154236,0.026813436857488864
1.9287306070327759,1.6773009300231934,0.2514296770095825,0.08584936982794633
0.619331955909729,0.37618374824523926,0.24314820766448975,0.15015340540716424
0.19749420881271362,0.15622055530548096,0.041273653507232666,0.03446668318183725
0.9564123153686523,1.07133150100708,0.11491918563842773,0.05873975783922275
1.137204885482788,0.9618889093399048,0.1753159761428833,0.08203049568796018
0.39963722229003906,0.27737200260162354,0.12226521968841553,0.08735493579426912
0.3098696768283844,0.2884840965270996,0.02138558030128479,0.016326494673169437
0.8662746548652649,0.7987167835235596,0.06755787134170532,0.03619931887602184
0.30983757972717285,0.24689829349517822,0.06293928623199463,0.0480512142926181
0.8988584280014038,1.0328960418701172,0.13403761386871338,0.07058852407959204
0.9238691329956055,0.7351757287979126,0.18869340419769287,0.09808016614096998
0.9852054715156555,0.5433202981948853,0.44188517332077026,0.22258913732662736
0.7814661860466003,0.9252675771713257,0.14380139112472534,0.08072080865247684
0.09283804893493652,0.10722124576568604,0.014383196830749512,0.01316132508816577
0.19882884621620178,0.2939707040786743,0.09514185786247253,0.07936233613560735
0.3607724905014038,0.29223954677581787,0.06853294372558594,0.0503632636638132
0.9629589319229126,0.9606035947799683,0.002355337142944336,0.0011998911972330721
2.644960295583587e-05,0.050693392753601074,0.05066694315064524,0.05066560306556064
0.07940932363271713,0.1833791732788086,0.10396984964609146,0.09632105946258117
1.0359132289886475,1.054499864578247,0.01858663558959961,0.009129384948705617
0.9095509052276611,0.8833936452865601,0.026157259941101074,0.013698121306686267
0.9621778726577759,1.012439489364624,0.050261616706848145,0.02561521939841704
2.3220417499542236,1.7873213291168213,0.5347204208374023,0.16096137890042186
0.36683017015457153,0.4467804431915283,0.07995027303695679,0.05849320184958707
0.194833904504776,0.2506859302520752,0.055852025747299194,0.046744593986432145
0.19719752669334412,0.21667766571044922,0.019480139017105103,0.016271449433168467
0.977805495262146,1.0471177101135254,0.0693122148513794,0.03504501075430195
0.887470006942749,0.929449200630188,0.041979193687438965,0.022240985834490287
0.998545229434967,0.9177138805389404,0.08083134889602661,0.04044509361385803
0.9967206120491028,0.7685571908950806,0.22816342115402222,0.11426907689397423
0.23603112995624542,0.24294567108154297,0.006914541125297546,0.005594148041839622
0.2644186019897461,0.23480701446533203,0.029611587524414062,0.023419133092328705
1.8580302000045776,0.1439657211303711,1.7140644788742065,0.5997363074999912
0.19632700085639954,0.23743820190429688,0.04111120104789734,0.03436451824498451
0.9678322076797485,1.5706675052642822,0.6028352975845337,0.30634486783572407
0.19789820909500122,0.0402379035949707,0.15766030550003052,0.13161410903113474
0.19746249914169312,0.0623629093170166,0.1350995898246765,0.112821562196321
0.19514785706996918,0.14988887310028076,0.045258983969688416,0.03786894123765203
0.19791550934314728,0.19566774368286133,0.0022477656602859497,0.0018763974944430485
0.19823618233203888,0.1261305809020996,0.07210560142993927,0.06017645143180825
0.19777877628803253,0.30291152000427246,0.10513274371623993,0.08777308948656677
0.4000990390777588,0.4874066114425659,0.08730757236480713,0.06235814033721241
0.196306973695755,0.20634663105010986,0.010039657354354858,0.008392208333735038
1.1386828422546387,0.6100116968154907,0.528671145439148,0.24719473827255897
0.3088878393173218,0.24470281600952148,0.06418502330780029,0.04903783302110695
0.31003865599632263,0.3103545904159546,0.000315934419631958,0.00024116419632799359
1.0860795974731445,0.902742862701416,0.18333673477172852,0.08788578105734948
1.204214334487915,0.34635400772094727,0.8578603267669678,0.38919097537139763
1.5609911680221558,1.0409257411956787,0.520065426826477,0.20307193297668485
0.3670674264431,0.5330208539962769,0.16595342755317688,0.12139373987204294
0.30659225583076477,0.28445279598236084,0.02213945984840393,0.016944429105258316
0.19683405756950378,0.2652137279510498,0.06837967038154602,0.05713379390323291
1.3920774459838867,1.053833246231079,0.3382441997528076,0.14140185984391665
0.9079228043556213,0.4667569398880005,0.44116586446762085,0.23122836178721573
0.19681556522846222,0.18108057975769043,0.01573498547077179,0.01314737702944907
2.6047217033919878e-05,0.0,2.6047217033919878e-05,2.6046538594076135e-05
0.4848707318305969,0.8478744029998779,0.363003671169281,0.244468197391
2.18877911567688,1.6160006523132324,0.5727784633636475,0.1796231230152372
0.3510778248310089,0.35140371322631836,0.00032588839530944824,0.0002412062349925771
0.6197683811187744,0.6413872241973877,0.02161884307861328,0.01334687312742896
0.17824821174144745,0.17029070854187012,0.007957503199577332,0.006753673054861815
0.1954844444990158,0.23892784118652344,0.04344339668750763,0.03633957504625933
0.2286285161972046,0.2541499137878418,0.025521397590637207,0.020772265378985248
0.19689229130744934,0.21193444728851318,0.015042155981063843,0.012567677217331095
0.2635260224342346,0.5614496469497681,0.29792362451553345,0.23578748615051978
0.19965817034244537,0.28457629680633545,0.08491812646389008,0.0707852691401668
1.5377941131591797,0.9803138971328735,0.5574802160263062,0.21967117550459025
0.9779092669487,1.0778088569641113,0.09989959001541138,0.050507670743423654
0.7824909090995789,0.7615162134170532,0.020974695682525635,0.011767070213626477
0.9532853960990906,0.8983720541000366,0.054913341999053955,0.028113322358689356
0.7913645505905151,0.6949454545974731,0.09641909599304199,0.0538243854168365
0.1935543268918991,0.19972670078277588,0.00617237389087677,0.0051714226590339404
0.19693101942539215,0.16262590885162354,0.034305110573768616,0.028660891911914347
1.2309321165084839,1.0518271923065186,0.17910492420196533,0.08028255224649021
0.19687044620513916,0.2767918109893799,0.07992136478424072,0.0667752846915417
1.0554038286209106,1.074592113494873,0.019188284873962402,0.009335530374504037
2.0174174308776855,0.683565616607666,1.3338518142700195,0.44205080829073023
0.1959177851676941,0.24322593212127686,0.047308146953582764,0.03955802609537169
0.3964065611362457,0.3123166561126709,0.08408990502357483,0.060218783958700034
1.2628380060195923,1.0469870567321777,0.21585094928741455,0.09538948378682378
0.19706687331199646,0.2064070701599121,0.00934019684791565,0.007802568976011815
2.335200309753418,1.7270362377166748,0.6081640720367432,0.18234709029566704
0.0790896862745285,0.024966716766357422,0.05412296950817108,0.05015613641441272
0.5787937045097351,0.4809795618057251,0.09781414270401001,0.06195498653472549
0.07972604036331177,0.07322049140930176,0.00650554895401001,0.006025184825422002
0.22957491874694824,0.24533605575561523,0.015761137008666992,0.01281836248313284
0.3931216299533844,0.9907697439193726,0.5976481139659882,0.42899923532591067
1.054777979850769,0.9275851249694824,0.12719285488128662,0.06190102100010054
0.6539692878723145,0.7692612409591675,0.11529195308685303,0.06970622364769902
0.8958844542503357,1.0225131511688232,0.12662869691848755,0.06679135779324624
2.318586587905884,1.8779761791229248,0.440610408782959,0.13277050247496958
0.07997609674930573,0.19666576385498047,0.11668966710567474,0.10804837945664444
0.19671140611171722,0.2845289707183838,0.08781756460666656,0.07338240795414336
0.07855863124132156,0.17040479183197021,0.09184616059064865,0.0851563910669763
0.22978413105010986,0.27700304985046387,0.047218918800354004,0.03839610351780509
1.48658287525177,0.7737561464309692,0.7128267288208008,0.2866692021067772
0.07870585471391678,0.20131218433380127,0.12260632961988449,0.11366057677734666
2.3099775314331055,0.9025787115097046,1.4073988199234009,0.42519890439076363
0.6339670419692993,0.6582493782043457,0.024282336235046387,0.014860970638539127
1.0093109607696533,0.97105872631073,0.03825223445892334,0.01903748857482521
1.1004852056503296,0.9742329120635986,0.12625229358673096,0.06010625223501257
1.0999387502670288,1.0121150016784668,0.08782374858856201,0.04182205246576564
0.9381143450737,0.27456188201904297,0.663552463054657,0.34237013143278927
0.25354376435279846,0.140511155128479,0.11303260922431946,0.09017045310953137
1.3841253519058228,1.0339856147766113,0.3501397371292114,0.14686297297636494
5.935323497396894e-05,0.007203578948974609,0.0071442257140006404,0.007143801706259362
0.8861367702484131,0.6793543100357056,0.20678246021270752,0.10963280260183533
7.523234671680257e-05,0.04918813705444336,0.04911290470772656,0.04910921010660483
0.28865933418273926,0.31461668014526367,0.025957345962524414,0.020142907651374303
1.507411241531372,1.059690237045288,0.447721004486084,0.1785590640539059
0.9256237745285034,0.7449371814727783,0.1806865930557251,0.09383275977674659
0.4907541573047638,0.5983359813690186,0.10758182406425476,0.07216603994501634
0.6869658827781677,0.6326618194580078,0.05430406332015991,0.0321903743724382
0.2844495475292206,0.11115050315856934,0.17329904437065125,0.13492086528739952
0.06633822619915009,0.663416862487793,0.5970786362886429,0.5599336323305848
0.06645846366882324,0.06557297706604004,0.0008854866027832031,0.0008303057577478996
0.2849394679069519,0.16092336177825928,0.12401610612869263,0.09651513493526932
0.23288552463054657,0.23467934131622314,0.0017938166856765747,0.0014549742452480492
1.5744130611419678,0.6298638582229614,0.9445492029190063,0.36689885441305975
1.5925437211990356,0.6878706216812134,0.9046730995178223,0.3489519162667839
1.2636585235595703,0.9164788722991943,0.347179651260376,0.15337103527189294
0.2621839940547943,0.17887628078460693,0.08330771327018738,0.06600282816339596
0.28592270612716675,0.22006118297576904,0.0658615231513977,0.05121732654504085
1.385062575340271,0.7356400489807129,0.6494225263595581,0.2722874163026547
1.426552653312683,0.9081301689147949,0.5184224843978882,0.21364567700195905
0.2848846912384033,0.06822717189788818,0.21665751934051514,0.1686202044571761
1.2626640796661377,0.9711252450942993,0.2915388345718384,0.12884759924895955
1.0534592866897583,0.7517250776290894,0.30173420906066895,0.14693946503661834
0.26476797461509705,0.16268229484558105,0.10208567976951599,0.08071494678744014
0.3603098690509796,0.3363499641418457,0.02395990490913391,0.01761356397851435
0.7020999789237976,0.8377957344055176,0.13569575548171997,0.07972255282413997
0.7743755578994751,1.7859063148498535,1.0115307569503784,0.5700770349586192
0.06783849000930786,0.6393271684646606,0.5714886784553528,0.5351826927032489
3.630274250099319e-06,0.02354907989501953,0.023545449620769432,0.023545364144640268
0.5320982933044434,0.1607271432876587,0.37137115001678467,0.24239381483534456
0.7031968235969543,0.9932478666305542,0.29005104303359985,0.170298017830403
9.018159471452236e-05,0.19292569160461426,0.19283551000989974,0.19281812136422524
1.0539870262145996,0.8407436609268188,0.21324336528778076,0.10381923671678596
1.0105748176574707,1.0034985542297363,0.007076263427734375,0.0035195225592146626
0.22811554372310638,0.24711084365844727,0.01899529993534088,0.015467029981361105
1.3146332502365112,0.9953453540802002,0.31928789615631104,0.13794319083754886
0.2846088111400604,0.3937807083129883,0.10917189717292786,0.08498454644417419
1.1996259689331055,0.5787794589996338,0.6208465099334717,0.2822509457071939
0.7013963460922241,0.558100700378418,0.14329564571380615,0.08422237772105737
0.7606369853019714,0.6064586639404297,0.15417832136154175,0.08756962545297106
0.39816853404045105,0.4014698266983032,0.003301292657852173,0.0023611550235020963
0.7751429080963135,0.4436389207839966,0.3315039873123169,0.1867477743906411
0.8548210859298706,0.9167264699935913,0.0619053840637207,0.03337539374191765
0.2842731177806854,0.18559622764587402,0.0986768901348114,0.07683481711844287
1.2286889553070068,0.852074384689331,0.3766145706176758,0.1689848059420191
0.9212711453437805,0.9246938228607178,0.003422677516937256,0.0017814651124242137
4.7082648277282715,0.3646796941757202,4.343585133552551,0.7609291552930938
0.21092697978019714,0.22250914573669434,0.011582165956497192,0.009564710465530748
0.2848012447357178,0.9669963121414185,0.6821950674057007,0.5309732304517089
0.9910234212875366,0.941109299659729,0.04991412162780762,0.025069580344529354
0.8483719825744629,0.7789682149887085,0.0694037675857544,0.03754859316201436
0.8684242963790894,0.867101788520813,0.0013225078582763672,0.0007078198784073402
0.9512165784835815,0.9189395904541016,0.03227698802947998,0.016541981236426632
1.2300046682357788,1.0355253219604492,0.1944793462753296,0.08721028661755575
0.5153422951698303,0.8147727251052856,0.2994304299354553,0.1975992030908746
0.7569130063056946,0.6601009368896484,0.09681206941604614,0.055103507725527814
0.1740325391292572,0.18979907035827637,0.015766531229019165,0.013429381813141825
0.7663485407829285,0.6489694118499756,0.11737912893295288,0.06645298264912368
0.17391464114189148,0.12354767322540283,0.05036696791648865,0.042905136499103234
1.2099121809005737,1.0047047138214111,0.2052074670791626,0.09285774740403366
0.2850243151187897,0.19865262508392334,0.08637169003486633,0.06721405114181205
0.7326653599739075,0.6801924705505371,0.05247288942337036,0.03028449153283734
1.0007338523864746,1.0255839824676514,0.024850130081176758,0.01242050763100526
0.2902911603450775,0.19926178455352783,0.09102937579154968,0.07054948417007262
1.2105733156204224,0.9396989345550537,0.27087438106536865,0.12253580514670454
1.6305112838745117,1.8232033252716064,0.19269204139709473,0.0732526952377396
0.6705229878425598,0.3853743076324463,0.2851486802101135,0.17069425699934615
1.080406665802002,0.9712563753128052,0.10915029048919678,0.0524658434735014
0.3202833831310272,0.3373473882675171,0.017064005136489868,0.012924501932322212
0.6677544116973877,0.5873372554779053,0.08041715621948242,0.048218823860064854
0.9902504682540894,0.721484899520874,0.26876556873321533,0.13504107800511408
0.21001681685447693,0.6346544027328491,0.4246375858783722,0.35093527624041393
3.0044258892303333e-05,0.016610145568847656,0.016580101309955353,0.01657960318806484
0.833577573299408,0.9583098888397217,0.12473231554031372,0.06802674583102897
0.9640647172927856,0.8046109676361084,0.15945374965667725,0.0811855883631289
0.31696921586990356,0.23381662368774414,0.08315259218215942,0.06313935905269757
0.2473139464855194,0.3413888216018677,0.09407487511634827,0.0754219700512588
1.0027912855148315,0.5891916751861572,0.4135996103286743,0.20651158876116021
0.32162731885910034,0.22985541820526123,0.09177190065383911,0.06943856210013996
0.9319620728492737,0.9032166004180908,0.02874547243118286,0.014878901006989645
0.9287349581718445,0.7605932950973511,0.1681416630744934,0.08717717401351342
1.4841889142990112,0.7426834106445312,0.74150550365448,0.2984899817346291
1.3374322652816772,0.9611117839813232,0.376320481300354,0.1609973845616462
0.24794645607471466,0.3298546075820923,0.08190815150737762,0.06563434761857585
0.6536716222763062,0.6387782096862793,0.014893412590026855,0.009006269678574897
0.7699188590049744,0.7892434597015381,0.01932460069656372,0.010918354024109197
0.8151215314865112,0.9243065118789673,0.10918498039245605,0.0601529861766545
1.2307510375976562,0.8811218738555908,0.34962916374206543,0.1567315930147851
0.1877894252538681,0.22490918636322021,0.03711976110935211,0.03125112946801867
0.5525369644165039,0.6764160394668579,0.123879075050354,0.07979138525497972
0.8453085422515869,0.4432560205459595,0.40205252170562744,0.21787820979523334
0.8545190095901489,0.792975664138794,0.06154334545135498,0.03318561046454635
0.21056899428367615,0.30883657932281494,0.0982675850391388,0.08117470834224214
0.7713881731033325,0.7560194730758667,0.01536870002746582,0.008676076910088582
1.5292693376541138,0.7207139730453491,0.8085553646087646,0.3196794238444753
0.0683022141456604,0.27132105827331543,0.20301884412765503,0.19003877502024338
0.8459035754203796,0.7634572982788086,0.08244627714157104,0.04466445497988432
0.7737315893173218,0.5390342473983765,0.2346973419189453,0.1323184090154679
0.7787767648696899,0.8908857107162476,0.11210894584655762,0.06302586589878834
0.6227483749389648,0.6894432306289673,0.06669485569000244,0.041099936823237294
1.5732836723327637,0.800481915473938,0.7728017568588257,0.3003173591655584
0.8434203863143921,0.6505228281021118,0.19289755821228027,0.10464111151442042
0.8593430519104004,0.8868883848190308,0.02754533290863037,0.014814551236431947
0.19322946667671204,0.34745943546295166,0.15422996878623962,0.12925424077548864
0.8308357000350952,0.7010339498519897,0.12980175018310547,0.07089754158749324
1.1666005849838257,0.9075924158096313,0.25900816917419434,0.11954587798476382
0.5826759338378906,0.6269769668579102,0.04430103302001953,0.027991221748467663
0.24762046337127686,0.386067271232605,0.13844680786132812,0.11096868953818051
5.157026680535637e-05,0.054074645042419434,0.05402307477561408,0.0540202889349008
0.2626958191394806,0.2616548538208008,0.0010409653186798096,0.0008243991172705561
0.1397140771150589,0.12137103080749512,0.018343046307563782,0.016094428134111723
0.14038591086864471,0.2042524814605713,0.06386657059192657,0.056004349039421836
1.4150196313858032,0.9691492319107056,0.44587039947509766,0.18462392341682343
0.9877646565437317,0.9351749420166016,0.05258971452713013,0.02645671073484706
1.6356511116027832,0.567671537399292,1.0679795742034912,0.4052052145680371
0.34248948097229004,0.26589345932006836,0.07659602165222168,0.05705521178217908
1.008782148361206,0.7826329469680786,0.22614920139312744,0.1125802524567551
1.3233230113983154,0.9157091379165649,0.4076138734817505,0.17544434049074561
0.8013516664505005,1.052480697631836,0.25112903118133545,0.13941144078556092
0.8455054759979248,0.8348201513290405,0.010685324668884277,0.0057899176176144235
0.29115167260169983,0.31005823612213135,0.01890656352043152,0.014643177809106164
1.0957977771759033,0.9628019332885742,0.1329958438873291,0.06345833807808575
0.9902130365371704,0.8017257452011108,0.18848729133605957,0.09470709309793995
0.8516954779624939,0.7329772710800171,0.1187182068824768,0.06411324556082404
1.287764549255371,1.000244140625,0.2875204086303711,0.12567744732470576
0.15028735995292664,0.22061121463775635,0.07032385468482971,0.06113590145657828
0.7141003608703613,0.56732177734375,0.14677858352661133,0.08563009895878104
0.3433454632759094,0.28709566593170166,0.056249797344207764,0.0418729201697945
0.05181238055229187,0.1790604591369629,0.12724807858467102,0.12097982581062114
0.2920231819152832,0.24107229709625244,0.05095088481903076,0.03943496179650712
0.7840549349784851,0.7895126342773438,0.005457699298858643,0.003059154284912454
0.6456379294395447,0.5752065181732178,0.0704314112663269,0.04279885022479626
0.9895013570785522,0.7634426355361938,0.2260587215423584,0.11362581922251629
0.2635161280632019,0.3046375513076782,0.04112142324447632,0.03254523019623806
0.2842092216014862,0.29808318614959717,0.013873964548110962,0.010803507960182137
1.0557676553726196,0.8260173797607422,0.22975027561187744,0.11175887265831794
0.9988206624984741,1.066344976425171,0.06752431392669678,0.03378207719860827
8.03269176685717e-06,0.05323755741119385,0.05322952471942699,0.05322909714649658
0.4731953740119934,0.8229508399963379,0.3497554659843445,0.23741281852647
0.8457016944885254,0.7928676605224609,0.05283403396606445,0.02862544587992354
0.7574325799942017,0.6129385232925415,0.14449405670166016,0.08221883351117622
0.8629307746887207,0.7388862371444702,0.12404453754425049,0.06658569348341847
0.9175506234169006,0.6624252796173096,0.25512534379959106,0.13304751420068428
0.26467829942703247,0.23384594917297363,0.030832350254058838,0.02437959935584216
0.9179800152778625,0.863898515701294,0.054081499576568604,0.028197113184588465
0.4384014904499054,0.32969093322753906,0.10871055722236633,0.07557733911160205
0.26233360171318054,0.2951648235321045,0.03283122181892395,0.02600835609094691
0.1498224288225174,0.11750423908233643,0.03231818974018097,0.028107113698657458
0.15054839849472046,0.08077073097229004,0.06977766752243042,0.0606473118503503
1.4693773984909058,0.7465229034423828,0.722854495048523,0.29272742817289743
0.26479172706604004,0.28025245666503906,0.015460729598999023,0.01222393321220052
